{
  "data_path": "C:\\Users\\User\\PycharmProjects\\neirosystems\\correction\\data_cache_current_supervisor_fixed\\ETH_USDT_5m_60d_20260320T235959Z.csv",
  "output_dir": "reports\\eth_candlestick_system_60d",
  "train_cutoff": "2026-03-02T16:45:00+00:00",
  "signal_timeframe": "multi",
  "selected_specs": [
    {
      "timeframe": "15m",
      "pattern": "shooting_star",
      "direction": "short",
      "hold_bars": 12,
      "stop_atr_mult": 0.8,
      "min_body_ratio": 0.2,
      "require_volume_confirmation": false
    },
    {
      "timeframe": "30m",
      "pattern": "bearish_engulfing",
      "direction": "short",
      "hold_bars": 8,
      "stop_atr_mult": 1.2,
      "min_body_ratio": 0.2,
      "require_volume_confirmation": true
    }
  ],
  "full_sample": {
    "label": "full",
    "trades": 77,
    "win_rate": 0.44155844155844154,
    "expectancy_r": 0.734716228627771,
    "profit_factor": 2.183149149572977,
    "avg_hold_bars_5m": 26.571428571428573,
    "net_r": 56.57314960433836,
    "avg_mfe_r": 2.369237239054228,
    "avg_mae_r": -0.9659689267341388,
    "exit_mix": {
      "time_stop": 38,
      "stop": 39
    }
  },
  "train_sample": {
    "label": "train",
    "trades": 46,
    "win_rate": 0.43478260869565216,
    "expectancy_r": 0.6919010914623206,
    "profit_factor": 2.085863396266249,
    "avg_hold_bars_5m": 26.41304347826087,
    "net_r": 31.827450207266747,
    "avg_mfe_r": 2.345645114946065,
    "avg_mae_r": -1.038966842056041,
    "exit_mix": {
      "time_stop": 22,
      "stop": 24
    }
  },
  "test_sample": {
    "label": "test",
    "trades": 31,
    "win_rate": 0.45161290322580644,
    "expectancy_r": 0.7982483676474713,
    "profit_factor": 2.3372434783699982,
    "avg_hold_bars_5m": 26.806451612903224,
    "net_r": 24.74569939707161,
    "avg_mfe_r": 2.4042449070856953,
    "avg_mae_r": -0.8576494394822842,
    "exit_mix": {
      "time_stop": 16,
      "stop": 15
    }
  }
}