{
  "data_path": "correction\\data_cache\\ETH_USDT_5m_30d.csv",
  "output_dir": "reports\\eth_candlestick_system_30d",
  "train_cutoff": "2026-03-11T10:30:00+00:00",
  "signal_timeframe": "multi",
  "selected_specs": [
    {
      "timeframe": "5m",
      "pattern": "morning_star",
      "direction": "long",
      "hold_bars": 36,
      "stop_atr_mult": 0.8,
      "min_body_ratio": 0.0,
      "require_volume_confirmation": false
    },
    {
      "timeframe": "15m",
      "pattern": "shooting_star",
      "direction": "short",
      "hold_bars": 12,
      "stop_atr_mult": 0.8,
      "min_body_ratio": 0.2,
      "require_volume_confirmation": false
    }
  ],
  "full_sample": {
    "label": "full",
    "trades": 56,
    "win_rate": 0.44642857142857145,
    "expectancy_r": 1.4181663437414547,
    "profit_factor": 3.177894196520411,
    "avg_hold_bars_5m": 21.446428571428573,
    "net_r": 79.41731524952147,
    "avg_mfe_r": 3.316274231201169,
    "avg_mae_r": -0.9093799235363561,
    "exit_mix": {
      "stop": 29,
      "time_stop": 27
    }
  },
  "train_sample": {
    "label": "train",
    "trades": 36,
    "win_rate": 0.4166666666666667,
    "expectancy_r": 1.2523484855773441,
    "profit_factor": 2.8704582987125478,
    "avg_hold_bars_5m": 20.444444444444443,
    "net_r": 45.08454548078439,
    "avg_mfe_r": 3.1735694712572515,
    "avg_mae_r": -0.9336907840219824,
    "exit_mix": {
      "stop": 19,
      "time_stop": 17
    }
  },
  "test_sample": {
    "label": "test",
    "trades": 20,
    "win_rate": 0.5,
    "expectancy_r": 1.716638488436854,
    "profit_factor": 3.7773479662180565,
    "avg_hold_bars_5m": 23.25,
    "net_r": 34.33276976873708,
    "avg_mfe_r": 3.573142799100219,
    "avg_mae_r": -0.8656203746622293,
    "exit_mix": {
      "stop": 10,
      "time_stop": 10
    }
  }
}